{
  "name": "IQKeyboardManagerSwift",
  "version": "6.0.2",
  "source": {
    "git": "https://github.com/hackiftekhar/IQKeyboardManager.git",
    "tag": "v6.0.2"
  },
  "summary": "Codeless drop-in universal library allows to prevent issues of keyboard sliding up and cover UITextField/UITextView.",
  "homepage": "https://github.com/hackiftekhar/IQKeyboardManager",
  "screenshots": "https://raw.githubusercontent.com/hackiftekhar/IQKeyboardManager/master/Screenshot/IQKeyboardManagerScreenshot.png",
  "license": "MIT",
  "authors": {
    "Iftekhar Qurashi": "hack.iftekhar@gmail.com"
  },
  "platforms": {
    "ios": "8.0"
  },
  "source_files": "IQKeyboardManagerSwift/**/*.{swift}",
  "resources": "IQKeyboardManagerSwift/Resources/IQKeyboardManager.bundle",
  "frameworks": [
    "UIKit",
    "Foundation",
    "CoreGraphics",
    "QuartzCore"
  ],
  "requires_arc": true
}
